{"cameraMode":{"drawMode":0,"name":"Shaded","section":"Shading Mode"},"sceneLighting":false,"audioPlay":false,"sceneViewState":{"showFog":true,"showMaterialUpdate":false,"showSkybox":true,"showFlares":true,"showImageEffects":true,"showParticleSystems":true},"in2DMode":false,"pivot":{"x":-0.00330565869808197,"y":0.004747930448502302,"z":-0.015408575534820557},"rotation":{"x":0.15290793776512147,"y":0.6844315528869629,"z":-0.15017999708652497,"w":0.6968634724617004},"size":0.32322970032691958,"orthographic":true}