{"cameraMode":{"drawMode":0,"name":"Shaded","section":"Shading Mode"},"sceneLighting":false,"audioPlay":false,"sceneViewState":{"showFog":true,"showMaterialUpdate":false,"showSkybox":true,"showFlares":true,"showImageEffects":true,"showParticleSystems":true},"in2DMode":false,"pivot":{"x":3.2362377643585207,"y":1.1646480560302735,"z":12.897165298461914},"rotation":{"x":0.19415372610092164,"y":0.4896734058856964,"z":-0.11285074055194855,"w":0.8424897193908691},"size":3.5928170680999758,"orthographic":false}