{"cameraMode":{"drawMode":0,"name":"Shaded","section":"Shading Mode"},"sceneLighting":false,"audioPlay":false,"sceneViewState":{"showFog":true,"showMaterialUpdate":false,"showSkybox":true,"showFlares":true,"showImageEffects":true,"showParticleSystems":true},"in2DMode":false,"pivot":{"x":0.5761404037475586,"y":0.17398548126220704,"z":-0.7291003465652466},"rotation":{"x":0.3019644618034363,"y":0.14511245489120484,"z":-0.04656996577978134,"w":0.9410585165023804},"size":1.2582050561904908,"orthographic":false}