{"cameraMode":{"drawMode":0,"name":"Shaded","section":"Shading Mode"},"sceneLighting":false,"audioPlay":false,"sceneViewState":{"showFog":true,"showMaterialUpdate":false,"showSkybox":true,"showFlares":true,"showImageEffects":true,"showParticleSystems":true},"in2DMode":false,"pivot":{"x":-3.014334201812744,"y":0.6686146259307861,"z":-2.6798758506774904},"rotation":{"x":0.2119070589542389,"y":0.775809645652771,"z":-0.3347931206226349,"w":0.4910483658313751},"size":1.3877274990081788,"orthographic":false}