{"cameraMode":{"drawMode":0,"name":"Shaded","section":"Shading Mode"},"sceneLighting":false,"audioPlay":false,"sceneViewState":{"showFog":true,"showMaterialUpdate":false,"showSkybox":true,"showFlares":true,"showImageEffects":true,"showParticleSystems":true},"in2DMode":false,"pivot":{"x":-2.614917278289795,"y":0.6628693342208862,"z":-2.6700174808502199},"rotation":{"x":0.2119070589542389,"y":0.775809645652771,"z":-0.3347931206226349,"w":0.4910483658313751},"size":1.4083406925201417,"orthographic":false}