{"cameraMode":{"drawMode":0,"name":"Shaded","section":"Shading Mode"},"sceneLighting":false,"audioPlay":false,"sceneViewState":{"showFog":true,"showMaterialUpdate":false,"showSkybox":true,"showFlares":true,"showImageEffects":true,"showParticleSystems":true},"in2DMode":false,"pivot":{"x":-0.545719563961029,"y":1.2891980409622193,"z":7.706576824188232},"rotation":{"x":0.15037979185581208,"y":0.7653859257698059,"z":-0.19339503347873689,"w":0.5951207876205444},"size":0.9021352529525757,"orthographic":false}