{"cameraMode":{"drawMode":0,"name":"Shaded","section":"Shading Mode"},"sceneLighting":false,"audioPlay":false,"sceneViewState":{"showFog":true,"showMaterialUpdate":false,"showSkybox":true,"showFlares":true,"showImageEffects":true,"showParticleSystems":true},"in2DMode":false,"pivot":{"x":-1.5149999856948853,"y":0.4533102214336395,"z":2.8469998836517336},"rotation":{"x":0.11713781207799912,"y":0.5717121958732605,"z":-0.08289595693349838,"w":0.8078070878982544},"size":1.2340850830078126,"orthographic":false}