{"cameraMode":{"drawMode":0,"name":"Shaded","section":"Shading Mode"},"sceneLighting":false,"audioPlay":false,"sceneViewState":{"showFog":true,"showMaterialUpdate":false,"showSkybox":true,"showFlares":true,"showImageEffects":true,"showParticleSystems":true},"in2DMode":false,"pivot":{"x":-2.7523040771484377,"y":0.16018635034561158,"z":1.2664600610733033},"rotation":{"x":0.11713781207799912,"y":0.5717121958732605,"z":-0.08289595693349838,"w":0.8078070878982544},"size":10.946328163146973,"orthographic":false}