{"cameraMode":{"drawMode":0,"name":"Shaded","section":"Shading Mode"},"sceneLighting":false,"audioPlay":false,"sceneViewState":{"showFog":true,"showMaterialUpdate":false,"showSkybox":true,"showFlares":true,"showImageEffects":true,"showParticleSystems":true},"in2DMode":false,"pivot":{"x":1.902286410331726,"y":0.8158624768257141,"z":11.773120880126954},"rotation":{"x":-0.03845038264989853,"y":-0.9587366580963135,"z":0.15816542506217957,"w":-0.2330867350101471},"size":2.698507070541382,"orthographic":false}