{"cameraMode":{"drawMode":0,"name":"Shaded","section":"Shading Mode"},"sceneLighting":false,"audioPlay":false,"sceneViewState":{"showFog":true,"showMaterialUpdate":false,"showSkybox":true,"showFlares":true,"showImageEffects":true,"showParticleSystems":true},"in2DMode":false,"pivot":{"x":0.7099995613098145,"y":0.0,"z":12.15999984741211},"rotation":{"x":-0.026406005024909974,"y":0.8029703497886658,"z":-0.03567398339509964,"w":-0.5943642258644104},"size":233.34524536132813,"orthographic":false}