{"cameraMode":{"drawMode":0,"name":"Shaded","section":"Shading Mode"},"sceneLighting":false,"audioPlay":false,"sceneViewState":{"showFog":true,"showMaterialUpdate":false,"showSkybox":true,"showFlares":true,"showImageEffects":true,"showParticleSystems":true},"in2DMode":false,"pivot":{"x":-0.6993857026100159,"y":5.1057000160217289,"z":20.81484603881836},"rotation":{"x":0.20181971788406373,"y":-0.2908036410808563,"z":0.06289530545473099,"w":0.933137834072113},"size":4.52632474899292,"orthographic":false}