{"cameraMode":{"drawMode":0,"name":"Shaded","section":"Shading Mode"},"sceneLighting":false,"audioPlay":false,"sceneViewState":{"showFog":true,"showMaterialUpdate":false,"showSkybox":true,"showFlares":true,"showImageEffects":true,"showParticleSystems":true},"in2DMode":false,"pivot":{"x":-3.733834743499756,"y":-2.0434415340423586,"z":0.297660231590271},"rotation":{"x":0.08231513947248459,"y":0.5855989456176758,"z":-0.05993497744202614,"w":0.8041802644729614},"size":0.9904186725616455,"orthographic":false}