{"cameraMode":{"drawMode":0,"name":"Shaded","section":"Shading Mode"},"sceneLighting":false,"audioPlay":false,"sceneViewState":{"showFog":true,"showMaterialUpdate":false,"showSkybox":true,"showFlares":true,"showImageEffects":true,"showParticleSystems":true},"in2DMode":false,"pivot":{"x":-0.003305666148662567,"y":0.0047479309141635899,"z":-0.012885630130767823},"rotation":{"x":0.30723851919174197,"y":0.28384286165237429,"z":-0.09655826538801193,"w":0.9031690359115601},"size":1.149288296699524,"orthographic":false}