{"cameraMode":{"drawMode":0,"name":"Shaded","section":"Shading Mode"},"sceneLighting":false,"audioPlay":false,"sceneViewState":{"showFog":true,"showMaterialUpdate":false,"showSkybox":true,"showFlares":true,"showImageEffects":true,"showParticleSystems":true},"in2DMode":false,"pivot":{"x":1.1595885753631592,"y":1.6024199724197388,"z":1.5490131378173829},"rotation":{"x":0.2458702027797699,"y":0.6434693932533264,"z":-0.23015576601028443,"w":0.6874033212661743},"size":1.841403841972351,"orthographic":false}