{"cameraMode":{"drawMode":0,"name":"Shaded","section":"Shading Mode"},"sceneLighting":false,"audioPlay":false,"sceneViewState":{"showFog":true,"showMaterialUpdate":false,"showSkybox":true,"showFlares":true,"showImageEffects":true,"showParticleSystems":true},"in2DMode":false,"pivot":{"x":-0.00051112100481987,"y":0.03229166567325592,"z":0.004606664180755615},"rotation":{"x":0.039112526923418048,"y":0.9606836438179016,"z":-0.20415784418582917,"w":0.18405623733997346},"size":0.37326666712760928,"orthographic":true}