{"cameraMode":{"drawMode":0,"name":"Shaded","section":"Shading Mode"},"sceneLighting":false,"audioPlay":false,"sceneViewState":{"showFog":true,"showMaterialUpdate":false,"showSkybox":true,"showFlares":true,"showImageEffects":true,"showParticleSystems":true},"in2DMode":false,"pivot":{"x":-2.9802322387695315e-8,"y":0.007916629314422608,"z":0.0032967329025268556},"rotation":{"x":0.2087797224521637,"y":0.5978320240974426,"z":-0.16506780683994294,"w":0.7561485767364502},"size":0.8465714454650879,"orthographic":false}