{"cameraMode":{"drawMode":0,"name":"Shaded","section":"Shading Mode"},"sceneLighting":false,"audioPlay":false,"sceneViewState":{"showFog":true,"showMaterialUpdate":false,"showSkybox":true,"showFlares":true,"showImageEffects":true,"showParticleSystems":true},"in2DMode":false,"pivot":{"x":-2.192986011505127,"y":0.6628259420394898,"z":-2.679058790206909},"rotation":{"x":0.2119070589542389,"y":0.775809645652771,"z":-0.3347931206226349,"w":0.4910483658313751},"size":1.4125772714614869,"orthographic":false}