{"cameraMode":{"drawMode":0,"name":"Shaded","section":"Shading Mode"},"sceneLighting":false,"audioPlay":false,"sceneViewState":{"showFog":true,"showMaterialUpdate":false,"showSkybox":true,"showFlares":true,"showImageEffects":true,"showParticleSystems":true},"in2DMode":false,"pivot":{"x":1.1021654605865479,"y":1.3837618827819825,"z":3.087888240814209},"rotation":{"x":0.3247644305229187,"y":0.6108155250549316,"z":-0.30255022644996645,"w":0.6556644439697266},"size":0.9904186725616455,"orthographic":false}