{"cameraMode":{"drawMode":0,"name":"Shaded","section":"Shading Mode"},"sceneLighting":true,"audioPlay":false,"sceneViewState":{"showFog":true,"showMaterialUpdate":false,"showSkybox":true,"showFlares":true,"showImageEffects":true,"showParticleSystems":true},"in2DMode":false,"pivot":{"x":-1.51300048828125,"y":0.7539997100830078,"z":2.7269997596740724},"rotation":{"x":0.1676618903875351,"y":0.10859479010105133,"z":-0.018588179722428323,"w":0.9796689748764038},"size":80.02074432373047,"orthographic":false}