{"cameraMode":{"drawMode":0,"name":"Shaded","section":"Shading Mode"},"sceneLighting":false,"audioPlay":false,"sceneViewState":{"showFog":true,"showMaterialUpdate":false,"showSkybox":true,"showFlares":true,"showImageEffects":true,"showParticleSystems":true},"in2DMode":false,"pivot":{"x":0.1463395655155182,"y":0.6802852749824524,"z":13.012117385864258},"rotation":{"x":0.12190568447113037,"y":0.055368613451719287,"z":-0.006810807157307863,"w":0.9909727573394775},"size":3.9717466831207277,"orthographic":false}