{"cameraMode":{"drawMode":0,"name":"Shaded","section":"Shading Mode"},"sceneLighting":false,"audioPlay":false,"sceneViewState":{"showFog":true,"showMaterialUpdate":false,"showSkybox":true,"showFlares":true,"showImageEffects":true,"showParticleSystems":true},"in2DMode":false,"pivot":{"x":-0.588585376739502,"y":1.1552560329437256,"z":-0.03236532211303711},"rotation":{"x":0.12948577105998994,"y":-0.6794210076332092,"z":0.12363147735595703,"w":0.7115728259086609},"size":5.927035331726074,"orthographic":false}