{"cameraMode":{"drawMode":0,"name":"Shaded","section":"Shading Mode"},"sceneLighting":false,"audioPlay":false,"sceneViewState":{"showFog":true,"showMaterialUpdate":false,"showSkybox":true,"showFlares":true,"showImageEffects":true,"showParticleSystems":true},"in2DMode":false,"pivot":{"x":-0.10637529194355011,"y":1.412896752357483,"z":7.96936559677124},"rotation":{"x":0.11713781207799912,"y":0.5717121958732605,"z":-0.08289595693349838,"w":0.8078070878982544},"size":1.9593703746795655,"orthographic":false}