{"cameraMode":{"drawMode":0,"name":"Shaded","section":"Shading Mode"},"sceneLighting":false,"audioPlay":false,"sceneViewState":{"showFog":true,"showMaterialUpdate":false,"showSkybox":true,"showFlares":true,"showImageEffects":true,"showParticleSystems":true},"in2DMode":false,"pivot":{"x":-2.606536865234375,"y":0.6888831257820129,"z":3.292083740234375},"rotation":{"x":0.18959514796733857,"y":0.2024914026260376,"z":-0.03998919948935509,"w":0.959922730922699},"size":5.219682693481445,"orthographic":false}