{"cameraMode":{"drawMode":0,"name":"Shaded","section":"Shading Mode"},"sceneLighting":false,"audioPlay":false,"sceneViewState":{"showFog":true,"showMaterialUpdate":false,"showSkybox":true,"showFlares":true,"showImageEffects":true,"showParticleSystems":true},"in2DMode":false,"pivot":{"x":-1.4352474212646485,"y":1.4182356595993043,"z":-2.954834461212158},"rotation":{"x":0.2434646040201187,"y":-0.6654207706451416,"z":0.24478518962860108,"w":0.6618312001228333},"size":70.19200897216797,"orthographic":false}