{"cameraMode":{"drawMode":0,"name":"Shaded","section":"Shading Mode"},"sceneLighting":false,"audioPlay":false,"sceneViewState":{"showFog":true,"showMaterialUpdate":false,"showSkybox":true,"showFlares":true,"showImageEffects":true,"showParticleSystems":true},"in2DMode":false,"pivot":{"x":-0.22547408938407899,"y":4.798489570617676,"z":8.56362533569336},"rotation":{"x":0.4233801066875458,"y":0.5529314279556274,"z":-0.38760867714881899,"w":0.6039667129516602},"size":4.842260837554932,"orthographic":false}