{"cameraMode":{"drawMode":0,"name":"Shaded","section":"Shading Mode"},"sceneLighting":false,"audioPlay":false,"sceneViewState":{"showFog":true,"showMaterialUpdate":false,"showSkybox":true,"showFlares":true,"showImageEffects":true,"showParticleSystems":true},"in2DMode":false,"pivot":{"x":-0.06832292675971985,"y":-0.025792650878429414,"z":-0.5430009365081787},"rotation":{"x":-0.07709437608718872,"y":0.6621120572090149,"z":0.06877846270799637,"w":0.742249071598053},"size":0.07020603120326996,"orthographic":false}