{"cameraMode":{"drawMode":0,"name":"Shaded","section":"Shading Mode"},"sceneLighting":false,"audioPlay":false,"sceneViewState":{"showFog":true,"showMaterialUpdate":false,"showSkybox":true,"showFlares":true,"showImageEffects":true,"showParticleSystems":true},"in2DMode":false,"pivot":{"x":-6.174077987670898,"y":1.1891199350357056,"z":0.777025580406189},"rotation":{"x":0.1511370688676834,"y":0.3663385808467865,"z":-0.060435909777879718,"w":0.9161338210105896},"size":1.940001130104065,"orthographic":false}