{"cameraMode":{"drawMode":0,"name":"Shaded","section":"Shading Mode"},"sceneLighting":false,"audioPlay":false,"sceneViewState":{"showFog":true,"showMaterialUpdate":false,"showSkybox":true,"showFlares":true,"showImageEffects":true,"showParticleSystems":true},"in2DMode":false,"pivot":{"x":0.0,"y":0.32199999690055849,"z":0.03200000151991844},"rotation":{"x":-0.00036001444095745683,"y":0.999575674533844,"z":-0.025493992492556573,"w":-0.01409258134663105},"size":1.4193837642669678,"orthographic":false}