{"cameraMode":{"drawMode":0,"name":"Shaded","section":"Shading Mode"},"sceneLighting":false,"audioPlay":false,"sceneViewState":{"showFog":true,"showMaterialUpdate":false,"showSkybox":true,"showFlares":true,"showImageEffects":true,"showParticleSystems":true},"in2DMode":false,"pivot":{"x":-0.00330565869808197,"y":0.004747930448502302,"z":-0.015408575534820557},"rotation":{"x":0.2588222920894623,"y":-0.7314625382423401,"z":0.3711000978946686,"w":0.510155200958252},"size":0.6903730630874634,"orthographic":false}